{"cameraMode":{"drawMode":0,"name":"Shaded","section":"Shading Mode"},"sceneLighting":true,"audioPlay":false,"sceneViewState":{"showFog":true,"showMaterialUpdate":true,"showSkybox":true,"showFlares":true,"showImageEffects":true,"showParticleSystems":true},"in2DMode":false,"pivot":{"x":47.37273025512695,"y":20.76972198486328,"z":35.006553649902347},"rotation":{"x":0.06861265748739243,"y":-0.8745688796043396,"z":0.1284012496471405,"w":0.4625309109687805},"size":57.322914123535159,"orthographic":false}